date,action,symbol,price,reason,pnl
2019-12-31,BUY,CVNA,92.05,momentum=185.2%,0.0
2019-12-31,BUY,PODD,171.2,momentum=147.7%,0.0
2019-12-31,BUY,TER,66.45,momentum=98.5%,0.0
2019-12-31,BUY,TTD,25.98,momentum=95.8%,0.0
2019-12-31,BUY,DXCM,54.69,momentum=94.4%,0.0
2020-01-02,SELL,PODD,169.77,below_50ma,-127.27
2020-01-02,BUY,LRCX,27.72,momentum=99.2%,0.0
2020-01-09,SELL,CVNA,86.57,trailing_stop,-1128.88
2020-01-09,BUY,PODD,180.68,momentum=140.1%,0.0
2020-01-31,SELL,TER,64.31,trailing_stop,-403.07
2020-01-31,BUY,CPRT,25.36,momentum=83.6%,0.0
2020-02-21,SELL,CPRT,23.81,below_50ma,-762.28
2020-02-21,BUY,CVNA,110.09,momentum=118.3%,0.0
2020-02-24,SELL,TTD,28.32,trailing_stop,911.43
2020-02-24,SELL,LRCX,27.95,trailing_stop,410.56
2020-02-24,BUY,LULU,246.21,momentum=61.8%,0.0
2020-02-24,BUY,RMD,161.34,momentum=61.2%,0.0
2020-02-25,SELL,LULU,238.81,below_50ma,-851.0
2020-02-25,BUY,HWM,23.98,momentum=66.9%,0.0
2020-02-26,SELL,PODD,180.01,trailing_stop,-71.69
2020-02-26,BUY,LDOS,102.07,momentum=62.8%,0.0
2020-02-27,SELL,CVNA,88.77,trailing_stop,-2259.92
2020-02-27,SELL,HWM,22.97,below_50ma,-1752.76
2020-02-27,BUY,CHTR,508.55,momentum=42.3%,0.0
2020-02-27,BUY,HSY,131.81,momentum=38.7%,0.0
2020-02-28,SELL,RMD,151.01,below_50ma,-950.05
2020-02-28,SELL,LDOS,94.55,below_50ma,-1497.52
2020-02-28,SELL,CHTR,493.17,below_50ma,-722.86
2020-02-28,SELL,HSY,124.9,below_50ma,-663.68
2020-02-28,BUY,PODD,189.97,momentum=108.7%,0.0
2020-02-28,BUY,TTD,28.73,momentum=42.3%,0.0
2020-02-28,BUY,NOW,65.22,momentum=40.3%,0.0
2020-02-28,BUY,NEM,37.37,momentum=38.4%,0.0
2020-03-02,SELL,PODD,181.51,below_50ma,-862.92
2020-03-02,BUY,LDOS,101.37,momentum=59.4%,0.0
2020-03-03,SELL,TTD,27.77,below_50ma,-495.29
2020-03-03,BUY,RMD,156.98,momentum=60.7%,0.0
2020-03-06,SELL,NOW,63.45,below_50ma,-306.21
2020-03-06,BUY,LITE,82.45,momentum=88.5%,0.0
2020-03-09,SELL,DXCM,66.63,trailing_stop,1791.75
2020-03-09,SELL,LDOS,89.83,trailing_stop,-4997.3
2020-03-09,SELL,RMD,146.78,trailing_stop,-1030.52
2020-03-09,SELL,LITE,73.44,trailing_stop,-1225.36
2020-03-09,BUY,BALL,67.54,momentum=39.3%,0.0
2020-03-09,BUY,DG,146.21,momentum=30.6%,0.0
2020-03-09,BUY,WMT,35.82,momentum=20.6%,0.0
2020-03-09,BUY,GIS,43.81,momentum=14.8%,0.0
2020-03-11,SELL,NEM,38.64,trailing_stop,294.0
2020-03-11,SELL,BALL,64.98,below_50ma,-668.56
2020-03-11,SELL,WMT,34.98,below_50ma,-239.51
2020-03-11,SELL,GIS,42.79,below_50ma,-182.94
2020-03-11,BUY,DXCM,63.1,momentum=68.1%,0.0
2020-03-11,BUY,GEN,15.71,momentum=57.4%,0.0
2020-03-11,BUY,TT,98.33,momentum=37.4%,0.0
2020-03-11,BUY,TMUS,83.12,momentum=30.8%,0.0
2020-03-12,SELL,DG,130.32,trailing_stop,-1461.86
2020-03-12,SELL,DXCM,61.91,below_50ma,-308.31
2020-03-12,SELL,GEN,15.19,below_50ma,-411.87
2020-03-12,SELL,TT,88.97,below_50ma,-899.02
2020-03-12,SELL,TMUS,73.8,trailing_stop,-810.56
2020-03-12,BUY,GILD,54.59,momentum=6.3%,0.0
2020-03-13,BUY,AMT,202.53,momentum=38.4%,0.0
2020-03-13,BUY,JKHY,149.55,momentum=24.1%,0.0
2020-03-13,BUY,GIS,43.28,momentum=15.7%,0.0
2020-03-16,SELL,AMT,171.82,trailing_stop,-184.27
2020-03-16,SELL,JKHY,137.52,below_50ma,-60.13
2020-03-17,BUY,NEM,38.46,momentum=42.0%,0.0
2020-03-17,BUY,COST,280.88,momentum=37.1%,0.0
2020-03-17,BUY,WMT,36.46,momentum=21.6%,0.0
2020-03-18,SELL,NEM,34.91,below_50ma,-88.8
2020-03-18,BUY,JKHY,147.44,momentum=29.8%,0.0
2020-03-19,SELL,GIS,43.44,trailing_stop,2.27
2020-03-19,SELL,COST,279.26,below_50ma,-3.24
2020-03-19,SELL,JKHY,138.09,below_50ma,-112.2
2020-03-20,SELL,WMT,34.99,below_50ma,-19.02
2020-03-20,BUY,GIS,43.19,momentum=10.3%,0.0
2020-03-23,SELL,GIS,38.26,trailing_stop,-379.49
2020-03-23,BUY,NFLX,36.03,momentum=0.7%,0.0
2020-03-24,BUY,NEM,39.89,momentum=43.2%,0.0
2020-03-25,SELL,GILD,55.45,trailing_stop,1170.86
2020-03-25,SELL,NFLX,34.24,below_50ma,-146.62
2020-03-25,BUY,ODFL,65.92,momentum=43.8%,0.0
2020-03-26,BUY,GEN,16.49,momentum=45.5%,0.0
2020-03-26,BUY,MPWR,167.13,momentum=18.0%,0.0
2020-03-26,BUY,GILD,58.79,momentum=17.3%,0.0
2020-03-27,SELL,ODFL,62.42,below_50ma,-3950.13
2020-03-27,SELL,MPWR,154.62,below_50ma,-62.54
2020-03-27,BUY,DXCM,65.74,momentum=131.7%,0.0
2020-03-27,BUY,NFLX,35.71,momentum=3.5%,0.0
2020-03-31,SELL,NEM,38.02,below_50ma,-7.46
2020-03-31,BUY,VRTX,237.95,momentum=22.0%,0.0
2020-04-01,SELL,VRTX,225.48,below_50ma,-997.6
2020-04-01,BUY,NEM,39.02,momentum=47.5%,0.0
2020-04-03,SELL,GEN,16.1,below_50ma,-29.44
2020-04-03,BUY,DG,148.89,momentum=30.4%,0.0
2020-04-07,SELL,DXCM,62.68,below_50ma,-1601.69
2020-04-07,BUY,GEN,16.67,momentum=32.4%,0.0
2020-05-15,SELL,GILD,60.7,below_50ma,19.1
2020-05-15,BUY,DXCM,104.43,momentum=174.0%,0.0
2020-05-26,SELL,NEM,49.72,trailing_stop,4996.08
2020-05-26,BUY,WST,202.99,momentum=71.8%,0.0
2020-05-27,SELL,DXCM,89.91,trailing_stop,-290.5
2020-05-27,BUY,NEM,49.32,momentum=101.1%,0.0
2020-06-03,SELL,NEM,47.24,below_50ma,-122.35
2020-06-03,BUY,DXCM,91.46,momentum=195.1%,0.0
2020-06-11,SELL,GEN,17.69,trailing_stop,1911.45
2020-06-11,BUY,DVA,79.95,momentum=61.1%,0.0
2020-06-12,SELL,NFLX,41.81,below_50ma,3084.07
2020-06-12,BUY,VRTX,268.56,momentum=62.7%,0.0
2020-06-15,SELL,VRTX,267.77,below_50ma,-63.99
2020-06-15,BUY,ODFL,78.95,momentum=61.5%,0.0
2020-06-17,SELL,DVA,78.24,below_50ma,-678.87
2020-06-17,BUY,PODD,193.83,momentum=62.1%,0.0
2020-06-18,SELL,PODD,189.5,below_50ma,-684.14
2020-06-18,BUY,MPWR,213.9,momentum=62.5%,0.0
2020-08-28,SELL,DXCM,104.74,below_50ma,398.18
2020-08-28,BUY,CVNA,218.44,momentum=90.9%,0.0
2020-09-03,SELL,CVNA,198.51,trailing_stop,-398.6
2020-09-03,BUY,TTD,46.47,momentum=106.2%,0.0
2020-09-04,SELL,MPWR,245.91,below_50ma,4481.96
2020-09-04,SELL,TTD,44.13,below_50ma,-208.17
2020-09-04,BUY,CVNA,187.0,momentum=131.3%,0.0
2020-09-04,BUY,PYPL,190.82,momentum=88.4%,0.0
2020-09-08,SELL,DG,177.34,below_50ma,369.88
2020-09-08,SELL,PYPL,184.96,below_50ma,-292.93
2020-09-08,BUY,NEM,55.47,momentum=80.5%,0.0
2020-09-08,BUY,LULU,349.8,momentum=78.2%,0.0
2020-09-09,SELL,LULU,323.93,below_50ma,-388.05
2020-09-09,BUY,PYPL,193.57,momentum=81.7%,0.0
2020-09-11,SELL,PYPL,183.02,below_50ma,-579.9
2020-09-11,BUY,NOW,89.18,momentum=74.0%,0.0
2020-09-14,SELL,CVNA,171.55,below_50ma,-1514.1
2020-09-14,BUY,BBY,86.52,momentum=63.6%,0.0
2020-09-18,SELL,ODFL,89.67,below_50ma,2938.04
2020-09-18,SELL,NEM,54.78,below_50ma,-130.28
2020-09-18,BUY,ADBE,467.55,momentum=72.2%,0.0
2020-09-18,BUY,VRT,17.52,momentum=57.6%,0.0
2020-09-23,SELL,WST,264.61,below_50ma,6715.82
2020-09-23,BUY,CVNA,218.67,momentum=187.8%,0.0
2020-10-08,SELL,CVNA,214.0,trailing_stop,-784.56
2020-10-08,BUY,TTD,60.56,momentum=130.1%,0.0
2020-10-22,SELL,ADBE,483.6,below_50ma,577.8
2020-10-22,BUY,WST,275.56,momentum=90.3%,0.0
2020-10-28,SELL,BBY,89.26,below_50ma,523.23
2020-10-28,BUY,MPWR,292.54,momentum=86.1%,0.0
2020-10-29,SELL,WST,271.44,below_50ma,-272.08
2020-10-29,BUY,FDX,241.03,momentum=69.3%,0.0
2020-10-30,SELL,TTD,56.65,trailing_stop,-2334.27
2020-10-30,BUY,CDNS,109.37,momentum=60.8%,0.0
2020-11-02,SELL,NOW,95.2,below_50ma,686.28
2020-11-02,SELL,VRT,17.32,below_50ma,-102.67
2020-11-02,BUY,TTD,55.92,momentum=182.9%,0.0
2020-11-02,BUY,NEM,54.8,momentum=64.7%,0.0
2020-11-09,SELL,MPWR,305.13,trailing_stop,743.2
2020-11-09,BUY,WST,282.76,momentum=105.2%,0.0
2020-11-10,SELL,CDNS,112.39,trailing_stop,912.04
2020-11-10,SELL,TTD,70.73,trailing_stop,2710.6
2020-11-10,SELL,WST,275.73,below_50ma,-562.07
2020-11-10,BUY,MPWR,298.31,momentum=95.9%,0.0
2020-11-10,BUY,IDXX,441.23,momentum=63.7%,0.0
2020-11-10,BUY,ROL,35.46,momentum=57.7%,0.0
2020-11-18,SELL,NEM,52.11,below_50ma,-262.99
2020-11-18,BUY,TTD,77.24,momentum=159.8%,0.0
2020-11-23,SELL,ROL,35.63,below_50ma,49.89
2020-11-23,BUY,CVNA,240.08,momentum=121.2%,0.0
2020-12-02,SELL,CVNA,225.45,trailing_stop,-687.61
2020-12-02,BUY,NOW,105.3,momentum=75.3%,0.0
2020-12-09,SELL,MPWR,297.21,below_50ma,-81.95
2020-12-09,BUY,CVNA,255.5,momentum=103.2%,0.0
2020-12-18,SELL,FDX,249.31,below_50ma,612.34
2020-12-18,BUY,ROL,38.02,momentum=78.2%,0.0
2020-12-28,SELL,TTD,83.26,trailing_stop,2058.84
2020-12-28,SELL,CVNA,251.49,trailing_stop,-336.84
2020-12-28,SELL,ROL,36.34,below_50ma,-821.26
2020-12-28,BUY,PYPL,234.48,momentum=95.8%,0.0
2020-12-28,BUY,MPWR,347.14,momentum=85.3%,0.0
2020-12-28,BUY,AMZN,164.2,momentum=73.0%,0.0
2021-01-06,SELL,NOW,101.45,trailing_stop,-389.25
2021-01-06,SELL,AMZN,156.92,below_50ma,-451.3
2021-01-06,BUY,CVNA,250.83,momentum=190.5%,0.0
2021-01-06,BUY,QCOM,134.89,momentum=82.7%,0.0
2021-01-26,SELL,CVNA,261.33,trailing_stop,829.5
2021-01-26,BUY,FSLR,104.69,momentum=100.4%,0.0
2021-01-27,SELL,IDXX,465.18,below_50ma,814.3
2021-01-27,SELL,MPWR,339.23,trailing_stop,-332.08
2021-01-27,BUY,CDNS,128.43,momentum=84.2%,0.0
2021-01-27,BUY,AMZN,161.63,momentum=76.7%,0.0
2021-02-04,SELL,QCOM,132.01,trailing_stop,-224.08
2021-02-04,BUY,CVNA,284.53,momentum=175.5%,0.0
2021-02-17,SELL,FSLR,95.84,below_50ma,-2593.05
2021-02-17,BUY,MPWR,366.75,momentum=110.5%,0.0
2021-02-22,SELL,PYPL,272.39,trailing_stop,3488.39
2021-02-22,SELL,CDNS,133.16,below_50ma,553.41
2021-02-22,SELL,AMZN,159.04,below_50ma,-127.01
2021-02-22,BUY,TTD,84.52,momentum=187.1%,0.0
2021-02-22,BUY,TER,129.78,momentum=116.8%,0.0
2021-02-22,BUY,WSM,58.04,momentum=97.2%,0.0
2021-02-23,SELL,TTD,79.11,below_50ma,-1012.23
2021-02-23,BUY,PYPL,263.59,momentum=125.9%,0.0
2021-02-25,SELL,CVNA,263.66,trailing_stop,-1314.81
2021-02-25,SELL,MPWR,349.69,below_50ma,-1279.55
2021-02-25,SELL,TER,123.16,below_50ma,-549.21
2021-02-25,BUY,CDNS,138.02,momentum=95.1%,0.0
2021-02-25,BUY,IDXX,518.28,momentum=86.0%,0.0
2021-02-25,BUY,LRCX,51.79,momentum=83.2%,0.0
2021-03-03,SELL,CDNS,133.74,below_50ma,-535.0
2021-03-03,SELL,IDXX,498.02,below_50ma,-445.72
2021-03-03,BUY,CVNA,288.13,momentum=240.4%,0.0
2021-03-03,BUY,PTC,132.34,momentum=94.9%,0.0
2021-03-04,SELL,PYPL,237.8,trailing_stop,-2862.92
2021-03-04,SELL,LRCX,50.01,trailing_stop,-283.31
2021-03-04,SELL,CVNA,269.99,below_50ma,-1360.5
2021-03-04,SELL,PTC,126.43,below_50ma,-502.35
2021-03-04,BUY,URI,278.88,momentum=109.3%,0.0
2021-03-04,BUY,DE,316.6,momentum=92.6%,0.0
2021-03-04,BUY,VRT,19.95,momentum=91.6%,0.0
2021-03-04,BUY,AMAT,103.72,momentum=70.6%,0.0
2021-03-08,SELL,VRT,19.57,below_50ma,-205.78
2021-03-08,BUY,TRGP,31.02,momentum=135.9%,0.0
2021-03-23,SELL,TRGP,27.77,trailing_stop,-3716.06
2021-03-23,BUY,MPC,46.31,momentum=237.6%,0.0
2021-04-09,SELL,MPC,46.65,below_50ma,236.96
2021-04-09,BUY,TPR,39.58,momentum=180.7%,0.0
2021-04-20,SELL,AMAT,123.22,trailing_stop,1540.56
2021-04-20,BUY,TRGP,29.13,momentum=318.0%,0.0
2021-05-12,SELL,WSM,76.74,trailing_stop,2393.62
2021-05-12,BUY,TPL,176.65,momentum=220.7%,0.0
2021-05-18,SELL,DE,347.19,below_50ma,1345.71
2021-05-18,SELL,TPL,164.41,below_50ma,-673.29
2021-05-18,BUY,HWM,33.25,momentum=157.3%,0.0
2021-05-18,BUY,WSM,77.75,momentum=150.7%,0.0
2021-05-19,SELL,URI,310.52,below_50ma,2088.08
2021-05-19,SELL,TPR,39.28,below_50ma,-242.92
2021-05-19,SELL,WSM,74.69,below_50ma,-244.35
2021-05-19,BUY,FDX,279.31,momentum=140.8%,0.0
2021-05-19,BUY,LRCX,57.09,momentum=139.5%,0.0
2021-05-19,BUY,FIX,78.64,momentum=138.6%,0.0
2021-06-09,SELL,FDX,265.87,below_50ma,-981.3
2021-06-09,BUY,AMAT,129.26,momentum=108.1%,0.0
2021-06-17,SELL,FIX,79.56,below_50ma,113.22
2021-06-17,BUY,DVN,21.69,momentum=105.8%,0.0
2021-06-18,SELL,HWM,32.72,below_50ma,-186.55
2021-06-18,SELL,LRCX,58.2,below_50ma,274.79
2021-06-18,SELL,AMAT,125.97,below_50ma,-975.05
2021-06-18,BUY,SYF,41.44,momentum=98.2%,0.0
2021-06-18,BUY,IT,233.0,momentum=93.2%,0.0
2021-06-18,BUY,CVNA,294.32,momentum=91.7%,0.0
2021-06-28,SELL,TRGP,39.93,trailing_stop,4028.25
2021-06-28,BUY,AMAT,135.34,momentum=136.2%,0.0
2021-07-08,SELL,SYF,41.95,below_50ma,250.35
2021-07-08,SELL,AMAT,127.22,below_50ma,-2022.16
2021-07-08,BUY,TRGP,39.26,momentum=166.6%,0.0
2021-07-08,BUY,OKE,42.53,momentum=132.9%,0.0
2021-07-14,SELL,DVN,21.47,below_50ma,-118.11
2021-07-14,BUY,AMAT,130.22,momentum=125.5%,0.0
2021-07-15,SELL,TRGP,38.06,below_50ma,-788.51
2021-07-15,SELL,OKE,41.83,below_50ma,-221.52
2021-07-15,SELL,AMAT,127.86,below_50ma,-446.86
2021-07-15,BUY,TGT,219.42,momentum=92.7%,0.0
2021-07-15,BUY,VRT,26.37,momentum=91.4%,0.0
2021-07-15,BUY,BX,87.22,momentum=84.8%,0.0
2021-08-16,SELL,VRT,26.8,below_50ma,224.72
2021-08-16,BUY,TPR,38.6,momentum=138.9%,0.0
2021-08-17,SELL,TPR,37.03,below_50ma,-1341.91
2021-08-17,BUY,SCHW,68.25,momentum=96.3%,0.0
2021-08-18,SELL,TGT,215.51,below_50ma,-355.27
2021-08-18,BUY,SYF,45.07,momentum=99.4%,0.0
2021-08-31,SELL,CVNA,328.06,trailing_stop,1079.68
2021-08-31,BUY,TRGP,39.91,momentum=152.0%,0.0
2021-09-02,SELL,SYF,43.59,below_50ma,-664.41
2021-09-02,BUY,DVN,23.05,momentum=165.6%,0.0
2021-09-14,SELL,SCHW,65.65,below_50ma,-1204.77
2021-09-14,BUY,AMAT,134.77,momentum=131.8%,0.0
2021-09-20,SELL,AMAT,130.34,below_50ma,-975.36
2021-09-20,BUY,DECK,70.99,momentum=109.9%,0.0
2021-09-24,SELL,DECK,64.79,below_50ma,-2516.52
2021-09-24,BUY,OKE,44.91,momentum=129.8%,0.0
2021-09-28,SELL,BX,101.17,trailing_stop,1506.6
2021-09-28,BUY,MS,87.97,momentum=125.7%,0.0
2021-09-29,SELL,MS,85.82,below_50ma,-285.5
2021-09-29,BUY,GE,64.78,momentum=112.0%,0.0
2021-09-30,SELL,GE,62.8,below_50ma,-348.65
2021-09-30,BUY,MPC,55.66,momentum=116.2%,0.0
2021-10-08,SELL,IT,304.1,below_50ma,4194.9
2021-10-08,BUY,APA,21.23,momentum=94.6%,0.0
2021-11-18,SELL,MPC,56.96,below_50ma,258.91
2021-11-18,SELL,APA,24.09,trailing_stop,2374.64
2021-11-18,BUY,BX,126.71,momentum=132.6%,0.0
2021-11-18,BUY,TPL,134.47,momentum=120.4%,0.0
2021-11-19,SELL,TPL,130.84,below_50ma,-217.52
2021-11-19,BUY,APA,22.71,momentum=143.6%,0.0
2021-11-30,SELL,TRGP,47.0,trailing_stop,1950.11
2021-11-30,SELL,OKE,47.44,below_50ma,1489.81
2021-11-30,SELL,APA,22.51,below_50ma,-141.42
2021-11-30,BUY,FIX,93.16,momentum=85.5%,0.0
2021-11-30,BUY,PANW,91.16,momentum=72.4%,0.0
2021-11-30,BUY,WSM,89.63,momentum=72.1%,0.0
2021-12-01,SELL,WSM,85.88,below_50ma,-356.16
2021-12-01,BUY,ANET,30.35,momentum=81.1%,0.0
2021-12-06,SELL,PANW,83.54,below_50ma,-1036.32
2021-12-06,BUY,TPL,132.7,momentum=108.7%,0.0
2021-12-09,SELL,BX,115.61,trailing_stop,-1331.55
2021-12-09,BUY,ODFL,173.45,momentum=74.0%,0.0
2021-12-13,SELL,TPL,131.08,below_50ma,-145.68
2021-12-13,BUY,AMAT,141.69,momentum=78.2%,0.0
2021-12-14,SELL,DVN,32.89,below_50ma,8173.45
2021-12-14,BUY,CF,56.83,momentum=75.0%,0.0
2021-12-20,SELL,FIX,91.58,below_50ma,-308.3
2021-12-20,SELL,ODFL,163.23,below_50ma,-817.52
2021-12-20,BUY,WST,434.1,momentum=62.8%,0.0
2021-12-20,BUY,TSCO,41.23,momentum=56.8%,0.0
2022-01-04,SELL,WST,424.18,below_50ma,-347.11
2022-01-04,BUY,DVN,38.86,momentum=141.0%,0.0
2022-01-07,SELL,ANET,32.37,trailing_stop,1686.76
2022-01-07,SELL,AMAT,145.27,below_50ma,300.19
2022-01-07,BUY,TRGP,50.89,momentum=80.5%,0.0
2022-01-07,BUY,OKE,49.52,momentum=61.0%,0.0
2022-01-10,SELL,OKE,48.19,below_50ma,-270.38
2022-01-10,BUY,ANET,32.88,momentum=65.3%,0.0
2022-01-11,SELL,TSCO,41.88,below_50ma,127.9
2022-01-11,BUY,PSA,297.71,momentum=61.4%,0.0
2022-01-13,SELL,CF,59.88,trailing_stop,1424.24
2022-01-13,SELL,ANET,32.8,below_50ma,-51.34
2022-01-13,BUY,TSCO,42.81,momentum=52.1%,0.0
2022-01-13,BUY,EOG,84.68,momentum=50.8%,0.0
2022-01-14,SELL,TSCO,41.17,below_50ma,-878.55
2022-01-14,BUY,CF,60.67,momentum=46.3%,0.0
2022-01-20,SELL,CF,58.71,below_50ma,-1088.39
2022-01-20,BUY,APA,27.4,momentum=55.5%,0.0
2022-01-26,SELL,PSA,285.67,below_50ma,-349.05
2022-01-26,BUY,CF,61.91,momentum=80.3%,0.0
2022-02-22,SELL,APA,27.21,trailing_stop,-220.02
2022-02-22,BUY,HSY,182.62,momentum=37.5%,0.0
2022-03-14,SELL,DVN,43.68,trailing_stop,2816.09
2022-03-14,BUY,APA,32.95,momentum=66.0%,0.0
2022-04-22,SELL,EOG,97.82,below_50ma,1866.52
2022-04-22,SELL,CF,88.86,trailing_stop,4124.14
2022-04-22,BUY,MPC,79.69,momentum=58.3%,0.0
2022-04-22,BUY,COST,545.14,momentum=52.5%,0.0
2022-04-25,SELL,APA,34.36,trailing_stop,1105.58
2022-04-25,BUY,CF,86.58,momentum=128.2%,0.0
2022-04-29,SELL,COST,507.84,below_50ma,-484.87
2022-04-29,BUY,APA,35.99,momentum=103.5%,0.0
2022-05-02,SELL,CF,88.4,below_50ma,698.67
2022-05-02,BUY,VST,23.07,momentum=48.5%,0.0
2022-05-09,SELL,TRGP,62.19,trailing_stop,4259.0
2022-05-09,SELL,APA,33.0,trailing_stop,-663.63
2022-05-09,BUY,DVN,51.41,momentum=158.5%,0.0
2022-05-09,BUY,DLTR,161.53,momentum=44.4%,0.0
2022-05-10,SELL,DLTR,157.89,below_50ma,-182.0
2022-05-10,BUY,EOG,100.72,momentum=58.6%,0.0
2022-05-12,SELL,VST,21.87,trailing_stop,-1687.4
2022-05-12,BUY,WMB,29.0,momentum=43.7%,0.0
2022-05-18,SELL,HSY,187.74,below_50ma,880.01
2022-05-18,BUY,CF,93.52,momentum=106.8%,0.0
2022-05-19,SELL,CF,92.36,below_50ma,-398.95
2022-05-19,BUY,VST,24.37,momentum=59.2%,0.0
2022-06-10,SELL,WMB,29.56,below_50ma,583.23
2022-06-10,BUY,APA,42.91,momentum=71.4%,0.0
2022-06-13,SELL,MPC,94.07,trailing_stop,2472.5
2022-06-13,SELL,VST,21.96,trailing_stop,-3148.07
2022-06-13,BUY,NOC,433.77,momentum=22.3%,0.0
2022-06-13,BUY,PGR,103.48,momentum=17.2%,0.0
2022-06-14,SELL,NOC,427.91,below_50ma,-292.83
2022-06-14,SELL,PGR,102.45,below_50ma,-116.38
2022-06-14,BUY,MPC,94.53,momentum=56.5%,0.0
2022-06-14,BUY,CHRW,97.22,momentum=12.6%,0.0
2022-06-15,SELL,DVN,57.69,trailing_stop,1883.94
2022-06-15,SELL,EOG,108.85,trailing_stop,1292.89
2022-06-15,SELL,CHRW,94.28,below_50ma,-346.24
2022-06-15,BUY,NOC,431.67,momentum=26.1%,0.0
2022-06-15,BUY,ULTA,405.61,momentum=19.7%,0.0
2022-06-15,BUY,PSX,89.32,momentum=16.8%,0.0
2022-06-16,SELL,APA,36.72,trailing_stop,-4444.3
2022-06-16,SELL,MPC,84.68,trailing_stop,-2273.51
2022-06-16,SELL,NOC,422.79,below_50ma,-372.92
2022-06-16,SELL,ULTA,390.47,below_50ma,-469.34
2022-06-16,BUY,IBM,118.0,momentum=2.0%,0.0
2022-06-17,SELL,PSX,78.97,trailing_stop,-1014.93
2022-06-21,BUY,VRTX,270.17,momentum=36.9%,0.0
2022-06-21,BUY,MRK,78.59,momentum=26.2%,0.0
2022-06-21,BUY,NOC,436.68,momentum=20.5%,0.0
2022-06-21,BUY,BMY,65.22,momentum=19.2%,0.0
2022-06-23,SELL,NOC,429.59,below_50ma,-28.36
2022-06-23,BUY,HSY,198.02,momentum=26.2%,0.0
2022-06-30,SELL,HSY,195.34,below_50ma,-77.67
2022-06-30,BUY,WRB,41.87,momentum=42.1%,0.0
2022-07-07,SELL,BMY,64.53,below_50ma,-14.47
2022-07-07,SELL,WRB,41.43,below_50ma,-59.66
2022-07-07,BUY,DLTR,168.79,momentum=64.8%,0.0
2022-07-07,BUY,PANW,86.21,momentum=36.3%,0.0
2022-07-12,SELL,PANW,82.1,below_50ma,-86.35
2022-07-12,BUY,NOC,441.49,momentum=28.3%,0.0
2022-07-14,SELL,NOC,432.18,below_50ma,-74.5
2022-07-14,BUY,ABBV,132.36,momentum=21.1%,0.0
2022-07-19,SELL,IBM,113.83,below_50ma,-3178.72
2022-07-19,BUY,PANW,85.6,momentum=18.5%,0.0
2022-07-20,SELL,MRK,80.04,below_50ma,41.94
2022-07-20,SELL,ABBV,129.94,below_50ma,-65.33
2022-07-20,BUY,HSY,195.54,momentum=23.1%,0.0
2022-07-20,BUY,GIS,64.38,momentum=17.7%,0.0
2022-07-26,SELL,PANW,77.54,below_50ma,-7789.18
2022-07-26,BUY,ABBV,132.74,momentum=33.9%,0.0
2022-07-29,SELL,ABBV,126.27,below_50ma,-3606.93
2022-07-29,BUY,DVN,52.97,momentum=128.6%,0.0
2022-08-01,SELL,VRTX,273.83,below_50ma,36.6
2022-08-01,SELL,DVN,51.89,below_50ma,-1435.74
2022-08-01,BUY,CF,86.92,momentum=89.1%,0.0
2022-08-01,BUY,TRGP,63.29,momentum=48.7%,0.0
2022-08-04,SELL,TRGP,59.14,below_50ma,-1234.9
2022-08-04,BUY,CI,261.8,momentum=36.3%,0.0
2022-08-25,SELL,DLTR,149.01,trailing_stop,-395.6
2022-08-25,BUY,DVN,62.13,momentum=122.4%,0.0
2022-08-30,SELL,CF,97.95,trailing_stop,4541.37
2022-08-30,BUY,APA,34.69,momentum=86.8%,0.0
2022-09-06,SELL,HSY,203.14,below_50ma,182.5
2022-09-06,SELL,GIS,66.05,below_50ma,66.66
2022-09-06,BUY,CF,95.1,momentum=118.1%,0.0
2022-09-06,BUY,EOG,103.53,momentum=70.0%,0.0
2022-09-20,SELL,DVN,56.14,trailing_stop,-460.82
2022-09-20,BUY,MPC,90.03,momentum=78.6%,0.0
2022-09-22,SELL,APA,32.74,trailing_stop,-2170.38
2022-09-22,BUY,DVN,54.42,momentum=132.7%,0.0
2022-09-23,SELL,CI,260.63,below_50ma,-161.68
2022-09-23,SELL,CF,86.66,trailing_stop,-396.51
2022-09-23,SELL,EOG,95.06,trailing_stop,-194.79
2022-09-23,SELL,MPC,84.71,below_50ma,-394.13
2022-09-23,SELL,DVN,49.74,below_50ma,-3005.41
2022-09-23,BUY,NOC,452.43,momentum=40.7%,0.0
2022-09-23,BUY,PGR,110.86,momentum=40.7%,0.0
2022-09-23,BUY,ABBV,125.87,momentum=35.5%,0.0
2022-09-23,BUY,FSLR,129.85,momentum=33.5%,0.0
2022-09-23,BUY,GIS,69.44,momentum=32.6%,0.0
2022-09-26,SELL,NOC,448.23,below_50ma,-142.97
2022-09-26,SELL,PGR,108.44,below_50ma,-277.99
2022-09-26,SELL,ABBV,124.24,below_50ma,-133.47
2022-09-26,BUY,ERIE,204.44,momentum=21.9%,0.0
2022-09-26,BUY,HUBB,209.44,momentum=15.8%,0.0
2022-09-26,BUY,LVS,37.67,momentum=0.1%,0.0
2022-09-30,SELL,LVS,35.64,below_50ma,-536.64
2022-09-30,BUY,VRTX,289.54,momentum=60.9%,0.0
2022-10-06,SELL,GIS,66.22,below_50ma,-312.7
2022-10-06,BUY,DVN,62.28,momentum=89.0%,0.0
2022-10-12,SELL,FSLR,126.88,trailing_stop,-190.08
2022-10-12,BUY,APA,35.96,momentum=71.8%,0.0
2022-10-14,SELL,HUBB,207.32,below_50ma,-146.56
2022-10-14,BUY,TPL,214.76,momentum=48.0%,0.0
2022-10-20,SELL,VRTX,290.16,below_50ma,62.62
2022-10-20,BUY,CF,96.49,momentum=72.1%,0.0
2022-11-02,SELL,DVN,58.14,trailing_stop,-509.0
2022-11-02,SELL,CF,95.33,below_50ma,-341.89
2022-11-02,BUY,MPC,106.27,momentum=73.8%,0.0
2022-11-02,BUY,VRTX,310.01,momentum=59.7%,0.0
2022-12-05,SELL,MPC,104.81,trailing_stop,-239.39
2022-12-05,BUY,EOG,117.55,momentum=76.7%,0.0
2022-12-06,SELL,APA,38.94,trailing_stop,674.67
2022-12-06,SELL,EOG,111.98,below_50ma,-1240.88
2022-12-06,BUY,CI,310.37,momentum=58.0%,0.0
2022-12-06,BUY,PSX,91.72,momentum=50.2%,0.0
2022-12-07,SELL,TPL,261.47,trailing_stop,3036.19
2022-12-07,BUY,NOC,512.14,momentum=50.2%,0.0
2022-12-09,SELL,PSX,87.2,below_50ma,-438.47
2022-12-09,BUY,TPL,255.28,momentum=115.6%,0.0
2022-12-13,SELL,VRTX,307.09,below_50ma,-84.68
2022-12-13,BUY,APA,40.68,momentum=92.3%,0.0
2022-12-16,SELL,APA,38.87,below_50ma,-398.38
2022-12-16,BUY,FSLR,155.08,momentum=77.1%,0.0
2022-12-27,SELL,FSLR,150.22,below_50ma,-267.3
2022-12-27,BUY,MPC,108.89,momentum=94.3%,0.0
2022-12-28,SELL,ERIE,238.21,trailing_stop,3478.51
2022-12-28,SELL,TPL,251.2,trailing_stop,-155.04
2022-12-28,SELL,MPC,106.74,below_50ma,-162.93
2022-12-28,BUY,MRK,100.63,momentum=45.0%,0.0
2022-12-28,BUY,TRGP,66.9,momentum=45.0%,0.0
2022-12-28,BUY,LMT,443.0,momentum=39.4%,0.0
2023-01-03,SELL,CI,302.68,below_50ma,-407.19
2023-01-03,SELL,TRGP,65.69,below_50ma,-166.8
2023-01-03,SELL,LMT,437.78,below_50ma,-73.03
2023-01-03,BUY,ACGL,59.39,momentum=36.0%,0.0
2023-01-03,BUY,GIS,73.51,momentum=32.4%,0.0
2023-01-03,BUY,PGR,118.81,momentum=30.4%,0.0
2023-01-04,SELL,NOC,499.09,below_50ma,-639.2
2023-01-04,BUY,GILD,76.5,momentum=26.4%,0.0
2023-01-12,SELL,GIS,73.36,below_50ma,-19.62
2023-01-12,BUY,FSLR,178.85,momentum=86.7%,0.0
2023-01-18,SELL,PGR,117.16,below_50ma,-92.65
2023-01-18,SELL,GILD,74.93,below_50ma,-759.04
2023-01-18,BUY,MPC,113.07,momentum=51.0%,0.0
2023-01-18,BUY,VRTX,309.86,momentum=31.9%,0.0
2023-01-24,SELL,MRK,98.31,below_50ma,-310.77
2023-01-24,BUY,DVN,56.35,momentum=34.4%,0.0
2023-01-30,SELL,DVN,54.91,below_50ma,-614.52
2023-01-30,BUY,DECK,70.06,momentum=31.1%,0.0
2023-02-02,SELL,ACGL,58.34,below_50ma,-253.32
2023-02-02,SELL,MPC,111.76,trailing_stop,-237.88
2023-02-02,SELL,VRTX,303.78,below_50ma,-206.72
2023-02-02,BUY,FIX,120.47,momentum=32.6%,0.0
2023-02-02,BUY,ULTA,520.83,momentum=30.1%,0.0
2023-02-02,BUY,TMUS,141.29,momentum=27.7%,0.0
2023-02-03,SELL,TMUS,139.6,below_50ma,-81.22
2023-02-03,BUY,HUBB,230.8,momentum=23.6%,0.0
2023-02-09,SELL,FIX,117.32,below_50ma,-378.06
2023-02-09,BUY,MPC,112.54,momentum=51.2%,0.0
2023-02-21,SELL,FSLR,160.99,trailing_stop,-1107.32
2023-02-21,SELL,DECK,66.58,below_50ma,-1168.72
2023-02-21,BUY,JBL,82.1,momentum=36.6%,0.0
2023-02-21,BUY,CDNS,192.65,momentum=35.9%,0.0
2023-03-13,SELL,HUBB,227.75,below_50ma,-268.43
2023-03-13,BUY,FSLR,203.58,momentum=116.7%,0.0
2023-03-15,SELL,MPC,115.03,below_50ma,318.49
2023-03-15,BUY,MNST,51.17,momentum=38.9%,0.0
2023-03-16,SELL,JBL,77.82,below_50ma,-817.41
2023-03-16,BUY,MPC,117.34,momentum=74.0%,0.0
2023-03-17,SELL,ULTA,506.46,below_50ma,-273.03
2023-03-17,SELL,MPC,115.94,below_50ma,-178.6
2023-03-17,BUY,FIX,132.92,momentum=36.7%,0.0
2023-03-17,BUY,GWW,646.14,momentum=36.2%,0.0
2023-03-22,SELL,MNST,51.17,below_50ma,0.0
2023-03-22,BUY,MPC,119.05,momentum=58.7%,0.0
2023-03-24,SELL,MPC,116.91,below_50ma,-389.05
2023-03-24,BUY,DECK,73.79,momentum=48.2%,0.0
2023-04-04,SELL,GWW,639.5,below_50ma,-59.77
2023-04-04,BUY,ACGL,64.56,momentum=50.8%,0.0
2023-04-05,SELL,FIX,130.14,trailing_stop,-247.28
2023-04-05,BUY,MPC,124.42,momentum=54.6%,0.0
2023-04-19,SELL,MPC,118.5,below_50ma,-539.2
2023-04-19,BUY,LVS,56.38,momentum=44.2%,0.0
2023-04-26,SELL,CDNS,203.61,below_50ma,471.28
2023-04-26,SELL,FSLR,199.51,below_50ma,-553.52
2023-04-26,BUY,GE,75.58,momentum=48.7%,0.0
2023-04-26,BUY,ANET,38.99,momentum=41.4%,0.0
2023-05-02,SELL,ANET,33.74,trailing_stop,-1222.09
2023-05-02,BUY,FIX,148.61,momentum=75.5%,0.0
2023-05-16,SELL,LVS,55.48,below_50ma,-173.26
2023-05-16,BUY,FSLR,212.8,momentum=249.7%,0.0
2023-05-19,SELL,DECK,75.8,below_50ma,579.93
2023-05-19,SELL,FSLR,203.53,below_50ma,-472.77
2023-05-19,BUY,LVS,57.46,momentum=89.6%,0.0
2023-05-19,BUY,NFLX,36.54,momentum=78.8%,0.0
2023-05-23,SELL,LVS,52.92,below_50ma,-1239.52
2023-05-23,BUY,EME,161.94,momentum=56.9%,0.0
2023-05-26,SELL,ACGL,67.51,below_50ma,301.64
2023-05-26,BUY,DECK,77.53,momentum=82.8%,0.0
2023-06-01,SELL,DECK,77.5,below_50ma,-2.81
2023-06-01,BUY,FSLR,208.74,momentum=146.0%,0.0
2023-06-06,SELL,FSLR,196.82,below_50ma,-429.12
2023-06-06,BUY,DECK,81.92,momentum=79.9%,0.0
2023-07-21,SELL,NFLX,42.75,trailing_stop,1404.36
2023-07-21,BUY,RCL,100.08,momentum=172.5%,0.0
2023-08-17,SELL,RCL,97.29,below_50ma,-264.66
2023-08-17,BUY,VRT,32.88,momentum=99.8%,0.0
2023-08-24,SELL,DECK,86.96,below_50ma,448.56
2023-08-24,BUY,CRH,54.18,momentum=63.3%,0.0
2023-09-01,SELL,CRH,54.49,below_50ma,43.92
2023-09-01,BUY,PHM,80.92,momentum=110.6%,0.0
2023-09-05,SELL,PHM,76.28,below_50ma,-450.27
2023-09-05,BUY,META,297.81,momentum=97.5%,0.0
2023-09-06,SELL,META,296.84,below_50ma,-24.31
2023-09-06,BUY,NFLX,44.58,momentum=100.7%,0.0
2023-09-07,SELL,GE,87.88,below_50ma,2817.65
2023-09-07,BUY,PHM,79.31,momentum=112.0%,0.0
2023-09-08,SELL,PHM,79.05,below_50ma,-62.64
2023-09-08,BUY,ACGL,73.47,momentum=64.8%,0.0
2023-09-13,SELL,NFLX,41.22,below_50ma,-556.43
2023-09-13,BUY,GE,89.31,momentum=106.7%,0.0
2023-09-21,SELL,FIX,169.03,below_50ma,2327.86
2023-09-21,SELL,EME,207.62,below_50ma,6303.91
2023-09-21,SELL,GE,88.83,below_50ma,-40.28
2023-09-21,BUY,FDX,248.46,momentum=73.0%,0.0
2023-09-21,BUY,LII,360.82,momentum=58.9%,0.0
2023-09-21,BUY,MPC,146.84,momentum=55.0%,0.0
2023-09-26,SELL,VRT,35.4,trailing_stop,711.03
2023-09-26,BUY,PSX,109.54,momentum=58.6%,0.0
2023-10-03,SELL,FDX,246.89,below_50ma,-111.83
2023-10-03,SELL,LII,356.11,below_50ma,-155.55
2023-10-03,BUY,VRT,36.71,momentum=248.1%,0.0
2023-10-03,BUY,JBL,126.91,momentum=92.6%,0.0
2023-10-04,SELL,MPC,134.62,below_50ma,-684.31
2023-10-04,SELL,PSX,101.35,trailing_stop,-1990.39
2023-10-04,BUY,META,303.2,momentum=113.3%,0.0
2023-10-04,BUY,PLTR,15.73,momentum=80.9%,0.0
2023-10-19,SELL,VRT,37.29,trailing_stop,229.47
2023-10-19,BUY,AVGO,84.47,momentum=90.6%,0.0
2023-10-20,SELL,JBL,124.36,trailing_stop,-152.79
2023-10-20,SELL,PLTR,16.11,trailing_stop,247.38
2023-10-20,BUY,ADBE,540.96,momentum=69.6%,0.0
2023-10-20,BUY,VST,31.22,momentum=59.1%,0.0
2023-10-23,SELL,VST,31.18,below_50ma,-6.34
2023-10-23,BUY,JBL,123.57,momentum=72.9%,0.0
2023-10-25,SELL,META,297.2,below_50ma,-378.18
2023-10-25,SELL,AVGO,82.7,below_50ma,-519.07
2023-10-25,SELL,ADBE,521.14,below_50ma,-317.12
2023-10-25,BUY,VST,32.05,momentum=56.2%,0.0
2023-10-25,BUY,PANW,122.39,momentum=39.5%,0.0
2023-10-25,BUY,PKG,139.74,momentum=36.0%,0.0
2023-10-26,SELL,PANW,118.6,below_50ma,-345.8
2023-10-26,BUY,MSFT,321.68,momentum=36.9%,0.0
2023-10-27,SELL,VST,31.31,below_50ma,-380.45
2023-10-27,BUY,FIX,174.4,momentum=44.6%,0.0
2023-11-29,SELL,ACGL,78.34,below_50ma,1285.31
2023-11-29,SELL,JBL,114.7,trailing_stop,-727.48
2023-11-29,BUY,VRT,42.15,momentum=197.5%,0.0
2023-11-29,BUY,META,329.61,momentum=175.2%,0.0
2023-12-06,SELL,META,314.98,below_50ma,-336.61
2023-12-06,BUY,CVNA,37.38,momentum=409.2%,0.0
2023-12-26,SELL,CVNA,53.56,trailing_stop,6569.08
2023-12-26,BUY,META,352.07,momentum=183.5%,0.0
2024-02-01,SELL,PKG,154.28,below_50ma,799.52
2024-02-01,BUY,UBER,66.73,momentum=85.0%,0.0
2024-04-04,SELL,UBER,74.92,below_50ma,1154.79
2024-04-04,BUY,CVNA,82.44,momentum=719.1%,0.0
2024-04-12,SELL,CVNA,74.99,trailing_stop,-946.15
2024-04-12,BUY,VST,68.81,momentum=159.3%,0.0
2024-04-15,SELL,MSFT,407.39,below_50ma,6856.22
2024-04-15,BUY,WSM,139.99,momentum=145.4%,0.0
2024-04-18,SELL,FIX,290.3,below_50ma,11126.76
2024-04-18,BUY,CEG,181.69,momentum=137.5%,0.0
2024-04-19,SELL,VRT,74.82,trailing_stop,11403.63
2024-04-19,SELL,META,477.83,below_50ma,7545.81
2024-04-19,BUY,EME,327.39,momentum=118.2%,0.0
2024-04-19,BUY,RCL,126.31,momentum=118.2%,0.0
2024-05-22,SELL,WSM,136.36,trailing_stop,-812.32
2024-05-22,BUY,CVNA,115.72,momentum=532.7%,0.0
2024-05-30,SELL,CVNA,102.39,trailing_stop,-5052.07
2024-05-30,BUY,VRT,102.02,momentum=359.1%,0.0
2024-06-03,SELL,VST,92.01,trailing_stop,3224.34
2024-06-03,BUY,CVNA,98.96,momentum=676.0%,0.0
2024-06-04,SELL,CEG,201.05,trailing_stop,3000.67
2024-06-04,BUY,VST,88.36,momentum=242.2%,0.0
2024-06-06,SELL,VRT,87.78,trailing_stop,-5455.46
2024-06-06,BUY,CEG,200.51,momentum=130.6%,0.0
2024-06-07,SELL,CEG,195.96,below_50ma,-760.29
2024-06-07,BUY,NRG,75.84,momentum=148.7%,0.0
2024-06-17,SELL,VST,82.92,below_50ma,-1864.75
2024-06-17,BUY,WSM,148.64,momentum=153.6%,0.0
2024-06-25,SELL,WSM,143.44,below_50ma,-997.95
2024-06-25,BUY,VST,88.45,momentum=305.0%,0.0
2024-06-26,SELL,EME,367.13,below_50ma,3218.88
2024-06-26,SELL,VST,84.99,below_50ma,-1083.71
2024-06-26,BUY,CEG,208.14,momentum=156.3%,0.0
2024-06-26,BUY,DECK,163.54,momentum=110.8%,0.0
2024-06-27,SELL,CEG,202.67,below_50ma,-722.44
2024-06-27,BUY,VST,86.28,momentum=308.9%,0.0
2024-06-28,SELL,NRG,75.82,below_50ma,-12.62
2024-06-28,SELL,VST,85.05,below_50ma,-576.52
2024-06-28,BUY,HOOD,22.71,momentum=119.1%,0.0
2024-06-28,BUY,WDC,57.03,momentum=100.8%,0.0
2024-07-02,SELL,DECK,156.77,below_50ma,-595.76
2024-07-02,BUY,VST,86.76,momentum=262.9%,0.0
2024-07-15,SELL,VST,85.26,below_50ma,-563.15
2024-07-15,BUY,WSM,150.88,momentum=158.7%,0.0
2024-07-17,SELL,WDC,54.03,trailing_stop,-979.49
2024-07-17,BUY,AVGO,153.66,momentum=105.3%,0.0
2024-07-18,SELL,CVNA,129.18,trailing_stop,4321.46
2024-07-18,SELL,WSM,144.94,below_50ma,-1265.85
2024-07-18,BUY,ANET,83.16,momentum=93.1%,0.0
2024-07-18,BUY,PGR,206.81,momentum=79.4%,0.0
2024-07-24,SELL,HOOD,21.41,trailing_stop,-2035.8
2024-07-24,SELL,AVGO,149.09,below_50ma,-548.53
2024-07-24,SELL,ANET,81.47,below_50ma,-485.03
2024-07-24,BUY,CVNA,123.42,momentum=191.5%,0.0
2024-07-24,BUY,WSM,147.82,momentum=121.6%,0.0
2024-07-24,BUY,ERIE,374.93,momentum=76.6%,0.0
2024-07-25,SELL,RCL,148.6,trailing_stop,2475.0
2024-07-25,BUY,GE,162.99,momentum=76.0%,0.0
2024-08-01,SELL,WSM,141.75,below_50ma,-789.54
2024-08-01,BUY,ANET,84.66,momentum=106.1%,0.0
2024-08-02,SELL,GE,158.65,below_50ma,-1134.11
2024-08-02,SELL,ANET,79.83,below_50ma,-1124.23
2024-08-02,BUY,TRGP,126.54,momentum=64.9%,0.0
2024-08-02,BUY,HWM,89.73,momentum=64.0%,0.0
2024-08-05,SELL,PGR,194.27,below_50ma,-752.72
2024-08-05,BUY,ALL,163.4,momentum=49.1%,0.0
2024-08-07,SELL,CVNA,128.64,trailing_stop,1190.16
2024-08-07,BUY,PGR,198.85,momentum=67.1%,0.0
2024-10-07,SELL,ALL,176.08,below_50ma,2105.46
2024-10-07,BUY,CVNA,179.73,momentum=259.8%,0.0
2024-10-17,SELL,ERIE,473.33,trailing_stop,3444.04
2024-10-17,BUY,VST,126.2,momentum=189.4%,0.0
2024-10-22,SELL,PGR,228.75,below_50ma,4396.16
2024-10-22,BUY,VRT,112.25,momentum=161.5%,0.0
2024-11-04,SELL,VST,114.77,trailing_stop,-1566.33
2024-11-04,BUY,HOOD,24.32,momentum=140.7%,0.0
2024-11-27,SELL,VRT,126.69,trailing_stop,4216.96
2024-11-27,BUY,VST,153.22,momentum=260.5%,0.0
2024-12-10,SELL,TRGP,180.42,trailing_stop,12338.47
2024-12-10,SELL,HOOD,37.36,trailing_stop,8919.36
2024-12-10,SELL,VST,140.33,trailing_stop,-3016.42
2024-12-10,BUY,PLTR,70.89,momentum=239.0%,0.0
2024-12-10,BUY,TPL,428.9,momentum=175.4%,0.0
2024-12-10,BUY,VRT,121.5,momentum=166.5%,0.0
2024-12-11,SELL,TPL,399.42,below_50ma,-1503.56
2024-12-11,BUY,VST,144.77,momentum=286.2%,0.0
2024-12-18,SELL,HWM,107.34,trailing_stop,2977.15
2024-12-18,SELL,CVNA,233.02,trailing_stop,8632.98
2024-12-18,SELL,VRT,113.93,below_50ma,-938.36
2024-12-18,SELL,VST,131.77,below_50ma,-4510.92
2024-12-18,BUY,HOOD,37.08,momentum=167.6%,0.0
2024-12-18,BUY,IBKR,43.17,momentum=126.0%,0.0
2024-12-18,BUY,UAL,91.47,momentum=122.2%,0.0
2024-12-18,BUY,RCL,224.9,momentum=89.9%,0.0
2025-01-02,SELL,RCL,224.92,below_50ma,1.13
2025-01-02,BUY,VST,148.64,momentum=307.2%,0.0
2025-01-07,SELL,PLTR,69.99,trailing_stop,-408.6
2025-01-07,BUY,VRT,130.42,momentum=176.1%,0.0
2025-01-27,SELL,VST,136.15,trailing_stop,-4198.13
2025-01-27,SELL,VRT,102.43,trailing_stop,-7026.35
2025-01-27,BUY,CVNA,242.15,momentum=446.1%,0.0
2025-01-27,BUY,PLTR,75.44,momentum=400.5%,0.0
2025-02-13,SELL,UAL,100.89,below_50ma,1676.76
2025-02-13,BUY,VST,164.52,momentum=286.6%,0.0
2025-02-19,SELL,PLTR,112.06,trailing_stop,8862.04
2025-02-19,BUY,TPL,464.9,momentum=187.1%,0.0
2025-02-20,SELL,HOOD,56.06,trailing_stop,14386.84
2025-02-20,SELL,CVNA,247.72,trailing_stop,796.51
2025-02-20,BUY,PLTR,106.27,momentum=228.5%,0.0
2025-02-20,BUY,CEG,307.28,momentum=154.0%,0.0
2025-02-21,SELL,VST,149.42,trailing_stop,-3338.55
2025-02-21,BUY,HOOD,51.6,momentum=270.6%,0.0
2025-02-24,SELL,PLTR,90.68,trailing_stop,-5534.45
2025-02-24,SELL,CEG,265.87,trailing_stop,-2650.38
2025-02-24,BUY,NRG,102.16,momentum=120.0%,0.0
2025-02-24,BUY,TRGP,193.91,momentum=116.1%,0.0
2025-02-25,SELL,IBKR,49.92,trailing_stop,3352.07
2025-02-25,SELL,HOOD,45.92,trailing_stop,-5765.2
2025-02-25,SELL,TRGP,190.45,below_50ma,-232.39
2025-02-25,BUY,PLTR,87.84,momentum=228.4%,0.0
2025-02-25,BUY,MMM,143.89,momentum=99.2%,0.0
2025-02-25,BUY,HWM,129.91,momentum=85.7%,0.0
2025-02-27,SELL,PLTR,84.77,below_50ma,-1089.85
2025-02-27,BUY,HOOD,48.78,momentum=214.8%,0.0
2025-03-03,SELL,NRG,99.02,trailing_stop,-756.98
2025-03-03,SELL,HOOD,46.89,below_50ma,-2266.11
2025-03-03,BUY,FOX,52.63,momentum=80.5%,0.0
2025-03-03,BUY,FOXA,56.22,momentum=74.5%,0.0
2025-03-06,SELL,TPL,432.33,below_50ma,-1921.69
2025-03-06,BUY,GE,194.66,momentum=63.5%,0.0
2025-03-10,SELL,HWM,122.01,trailing_stop,-884.87
2025-03-10,SELL,GE,191.11,below_50ma,-837.13
2025-03-10,BUY,TPL,441.04,momentum=173.6%,0.0
2025-03-10,BUY,T,26.14,momentum=52.3%,0.0
2025-03-11,SELL,FOX,48.48,below_50ma,-3110.91
2025-03-11,BUY,HWM,125.19,momentum=89.8%,0.0
2025-03-13,SELL,FOXA,50.56,trailing_stop,-2089.32
2025-03-13,SELL,TPL,415.72,below_50ma,-1645.83
2025-03-13,SELL,HWM,122.47,below_50ma,-1105.67
2025-03-13,BUY,TMUS,254.75,momentum=57.6%,0.0
2025-03-13,BUY,GILD,109.64,momentum=43.2%,0.0
2025-03-13,BUY,NEM,45.06,momentum=40.5%,0.0
2025-03-27,SELL,MMM,145.75,below_50ma,276.11
2025-03-27,BUY,HWM,132.11,momentum=97.8%,0.0
2025-04-03,SELL,HWM,124.69,below_50ma,-2823.9
2025-04-03,BUY,WMB,57.16,momentum=43.1%,0.0
2025-04-04,SELL,TMUS,243.94,below_50ma,-1307.45
2025-04-04,SELL,NEM,43.61,below_50ma,-468.72
2025-04-04,SELL,WMB,52.84,below_50ma,-3601.67
2025-04-04,BUY,RSG,233.53,momentum=26.5%,0.0
2025-04-04,BUY,TJX,120.69,momentum=26.2%,0.0
2025-04-04,BUY,KO,67.96,momentum=23.1%,0.0
2025-04-07,SELL,GILD,102.79,below_50ma,-1330.39
2025-04-07,SELL,TJX,117.69,below_50ma,-481.95
2025-04-07,SELL,KO,66.44,below_50ma,-298.66
2025-04-07,BUY,AMT,206.15,momentum=15.8%,0.0
2025-04-07,BUY,WRB,62.61,momentum=10.9%,0.0
2025-04-07,BUY,NOC,473.95,momentum=10.9%,0.0
2025-04-08,SELL,RSG,225.37,below_50ma,-994.77
2025-04-09,BUY,CVNA,220.44,momentum=114.3%,0.0
2025-04-10,SELL,CVNA,203.66,below_50ma,-3859.4
2025-04-10,BUY,PGR,256.66,momentum=38.3%,0.0
2025-04-17,SELL,PGR,249.4,below_50ma,-1329.06
2025-04-17,BUY,PLTR,93.78,momentum=310.1%,0.0
2025-04-21,SELL,T,25.49,below_50ma,-380.3
2025-04-21,SELL,PLTR,90.8,below_50ma,-1457.22
2025-04-21,BUY,NFLX,98.79,momentum=57.3%,0.0
2025-04-21,BUY,WMT,91.6,momentum=46.7%,0.0
2025-04-22,SELL,NOC,456.74,trailing_stop,-430.33
2025-04-22,BUY,PLTR,93.99,momentum=372.6%,0.0
2025-05-06,SELL,PLTR,108.86,trailing_stop,4282.56
2025-05-06,BUY,TPL,441.99,momentum=109.4%,0.0
2025-05-08,SELL,TPL,426.53,below_50ma,-1081.82
2025-05-08,BUY,PLTR,119.15,momentum=330.0%,0.0
2025-05-12,SELL,AMT,202.52,below_50ma,-450.35
2025-05-12,BUY,HOOD,57.43,momentum=152.5%,0.0
2025-06-12,SELL,WMT,94.22,below_50ma,443.79
2025-06-12,BUY,CVNA,318.95,momentum=193.4%,0.0
2025-06-25,SELL,WRB,70.5,below_50ma,2200.82
2025-06-25,BUY,GEV,501.57,momentum=165.1%,0.0
2025-07-18,SELL,NFLX,120.92,below_50ma,6573.5
2025-07-18,BUY,VST,192.27,momentum=139.4%,0.0
2025-07-24,SELL,CVNA,326.09,below_50ma,364.14
2025-07-24,BUY,HWM,186.46,momentum=114.3%,0.0
2025-08-13,SELL,HWM,176.6,below_50ma,-927.32
2025-08-13,BUY,TPR,112.41,momentum=174.7%,0.0
2025-08-14,SELL,TPR,94.74,trailing_stop,-2614.19
2025-08-14,BUY,CVNA,342.59,momentum=136.3%,0.0
2025-08-19,SELL,PLTR,157.75,trailing_stop,9765.8
2025-08-19,BUY,TPR,96.95,momentum=169.1%,0.0
2025-08-20,SELL,CVNA,338.61,below_50ma,-163.18
2025-08-20,BUY,PLTR,156.01,momentum=375.8%,0.0
2025-08-21,SELL,VST,189.55,trailing_stop,-497.68
2025-08-21,BUY,RCL,321.22,momentum=122.4%,0.0
2025-08-25,SELL,TPR,97.5,below_50ma,217.83
2025-08-25,BUY,UAL,102.34,momentum=123.0%,0.0
2025-08-27,SELL,HOOD,102.92,trailing_stop,20061.09
2025-08-27,BUY,TPR,99.98,momentum=172.2%,0.0
2025-09-02,SELL,GEV,578.66,trailing_stop,3006.63
2025-09-02,BUY,CVNA,366.39,momentum=140.3%,0.0
2025-09-03,SELL,PLTR,154.9,below_50ma,-107.67
2025-09-03,BUY,IBKR,63.8,momentum=98.5%,0.0
2025-09-05,SELL,IBKR,60.02,below_50ma,-930.19
2025-09-05,BUY,FIX,705.51,momentum=121.8%,0.0
2025-09-12,SELL,RCL,332.48,below_50ma,1170.69
2025-09-12,BUY,HOOD,115.03,momentum=436.4%,0.0
2025-09-26,SELL,UAL,97.91,trailing_stop,-1687.83
2025-09-26,BUY,PLTR,177.57,momentum=326.0%,0.0
2025-10-08,SELL,CVNA,360.91,below_50ma,-350.72
2025-10-08,BUY,GEV,624.35,momentum=145.6%,0.0
2025-10-10,SELL,GEV,603.5,below_50ma,-792.43
2025-10-10,BUY,LITE,149.61,momentum=140.9%,0.0
2025-10-14,SELL,HOOD,134.95,trailing_stop,5816.64
2025-10-14,BUY,GEV,643.28,momentum=132.0%,0.0
2025-10-15,SELL,GEV,614.87,below_50ma,-1704.6
2025-10-15,BUY,HOOD,134.15,momentum=339.4%,0.0
2025-10-31,SELL,TPR,109.15,below_50ma,4133.45
2025-10-31,BUY,WDC,150.02,momentum=160.0%,0.0
2025-11-04,SELL,LITE,188.36,trailing_stop,5967.5
2025-11-04,BUY,AVGO,351.27,momentum=101.1%,0.0
2025-11-06,SELL,PLTR,175.05,trailing_stop,-526.68
2025-11-06,SELL,HOOD,127.08,trailing_stop,-1944.25
2025-11-06,BUY,LITE,239.68,momentum=141.4%,0.0
2025-11-06,BUY,IBKR,69.7,momentum=88.5%,0.0
2025-11-13,SELL,FIX,897.05,trailing_stop,4022.47
2025-11-13,SELL,AVGO,339.33,below_50ma,-1014.66
2025-11-13,SELL,LITE,226.86,trailing_stop,-1858.9
2025-11-13,SELL,IBKR,66.89,below_50ma,-739.95
2025-11-13,BUY,NEM,89.28,momentum=141.1%,0.0
2025-11-13,BUY,MU,236.85,momentum=95.4%,0.0
2025-11-13,BUY,LRCX,152.88,momentum=90.1%,0.0
2025-11-13,BUY,NRG,165.63,momentum=85.4%,0.0
2025-11-14,SELL,NRG,164.68,below_50ma,-71.78
2025-11-14,BUY,LITE,232.15,momentum=87.1%,0.0
2025-11-18,SELL,WDC,152.66,trailing_stop,857.5
2025-11-18,BUY,FIX,920.51,momentum=86.9%,0.0
2025-11-20,SELL,NEM,81.6,below_50ma,-2419.86
2025-11-20,SELL,MU,201.29,trailing_stop,-3200.91
2025-11-20,SELL,LRCX,139.19,below_50ma,-1464.94
2025-11-20,SELL,LITE,233.24,trailing_stop,234.35
2025-11-20,BUY,WDC,140.05,momentum=155.5%,0.0
2025-11-20,BUY,APH,130.11,momentum=92.1%,0.0
2025-11-20,BUY,HWM,197.81,momentum=72.9%,0.0
2025-11-20,BUY,RL,326.13,momentum=65.9%,0.0
2025-12-02,SELL,HWM,196.15,below_50ma,-129.41
2025-12-02,BUY,MU,239.39,momentum=140.6%,0.0
2025-12-12,SELL,APH,128.99,below_50ma,-174.38
2025-12-12,BUY,LITE,324.35,momentum=157.2%,0.0
2025-12-16,SELL,MU,232.42,trailing_stop,-1472.19
2025-12-16,BUY,PLTR,187.75,momentum=125.1%,0.0
2025-12-17,SELL,FIX,883.33,trailing_stop,-1970.58
2025-12-17,SELL,WDC,166.18,trailing_stop,4964.73
2025-12-17,SELL,PLTR,177.29,below_50ma,-2656.84
2025-12-17,BUY,NEM,99.25,momentum=119.1%,0.0
2025-12-17,BUY,MU,225.43,momentum=111.9%,0.0
2025-12-17,BUY,LRCX,154.79,momentum=85.4%,0.0
2026-01-08,SELL,LITE,348.26,trailing_stop,1601.97
2026-01-08,BUY,WDC,187.59,momentum=247.1%,0.0
2026-01-27,SELL,RL,357.79,below_50ma,1139.61
2026-01-27,BUY,LITE,370.66,momentum=426.9%,0.0
2026-01-30,SELL,NEM,112.12,trailing_stop,5175.33
2026-01-30,SELL,WDC,250.11,trailing_stop,20131.47
2026-01-30,BUY,FIX,1141.51,momentum=115.9%,0.0
2026-01-30,BUY,APH,144.08,momentum=90.0%,0.0
2026-02-04,SELL,MU,379.4,trailing_stop,18630.5
2026-02-04,SELL,LRCX,209.53,trailing_stop,6568.13
2026-02-04,SELL,APH,130.0,trailing_stop,-3111.68
2026-02-04,BUY,WDC,269.28,momentum=356.6%,0.0
2026-02-04,BUY,NEM,116.61,momentum=156.2%,0.0
2026-02-04,BUY,DG,149.25,momentum=106.0%,0.0
2026-03-03,SELL,LITE,694.43,trailing_stop,13274.57
2026-03-03,SELL,WDC,250.49,trailing_stop,-2968.98
2026-03-03,BUY,MU,379.68,momentum=385.1%,0.0
2026-03-03,BUY,LRCX,217.01,momentum=216.3%,0.0
2026-03-05,SELL,NEM,116.09,trailing_stop,-131.52
2026-03-05,SELL,LRCX,214.68,below_50ma,-298.24
2026-03-05,BUY,LITE,650.82,momentum=591.3%,0.0
2026-03-05,BUY,WDC,259.03,momentum=511.9%,0.0
2026-03-06,SELL,FIX,1279.06,trailing_stop,7152.76
2026-03-06,SELL,DG,146.31,below_50ma,-393.96
2026-03-06,SELL,MU,370.3,below_50ma,-1303.82
2026-03-06,SELL,LITE,558.44,trailing_stop,-5819.94
2026-03-06,BUY,TER,273.05,momentum=158.1%,0.0
2026-03-06,BUY,GEV,788.75,momentum=152.1%,0.0
2026-03-06,BUY,VRT,241.72,momentum=117.0%,0.0
2026-03-06,BUY,CHRW,179.64,momentum=105.6%,0.0
2026-03-10,SELL,CHRW,175.86,below_50ma,-438.48
2026-03-10,BUY,LITE,672.0,momentum=905.3%,0.0
2026-03-26,SELL,WDC,273.35,trailing_stop,1217.2
2026-03-26,SELL,LITE,688.8,trailing_stop,2066.4
2026-03-26,BUY,FIX,1358.66,momentum=317.1%,0.0
2026-03-26,BUY,KEYS,281.07,momentum=95.7%,0.0
